"","question","answer","value","question_number","answer_number"
"1","Name an app that's embarrassing to own.","TINDER",15,10,1
"2","Name an app that's embarrassing to own.","TINDR",7,10,2
"3","Name an app that's embarrassing to own.","CANDYCRUSH",5,10,3
"4","Name an app that's embarrassing to own.","GRINDR",4,10,4
"5","Name an app that's embarrassing to own.","KIK",3,10,5
"6","Name an app that's embarrassing to own.","FLAPPYBIRD",2,10,6
"7","Name an app that's embarrassing to own.","GRINDER",2,10,7
"8","Name an app that's embarrassing to own.","SNAPCHAT",2,10,8
"9","Name an app that's embarrassing to own.","WWENETWORK",2,10,9
"10","Name an app that's embarrassing to own.","ANGRYBIRDS",1,10,10
"11","Name an app that's embarrassing to own.","ANGRYBOILS",1,10,11
"12","Name an app that's embarrassing to own.","BLOODROSES",1,10,12
"13","Name an app that's embarrassing to own.","CANDYCRUSHSAGA",1,10,13
"14","Name an app that's embarrassing to own.","CRUNCHYROLL",1,10,14
"15","Name an app that's embarrassing to own.","DATINGAPPS",1,10,15
"16","Name an app that's embarrassing to own.","FACEBOOK",1,10,16
"17","Name an app that's embarrassing to own.","FARMVILLE",1,10,17
"18","Name an app that's embarrassing to own.","GOOGLEMAPS",1,10,18
"19","Name an app that's embarrassing to own.","GOSSIPMAGAZINE",1,10,19
"20","Name an app that's embarrassing to own.","KARDASHIANGAME",1,10,20
"21","Name an app that's embarrassing to own.","MEETME",1,10,21
"22","Name an app that's embarrassing to own.","MESSENGER",1,10,22
"23","Name an app that's embarrassing to own.","MYDAYS",1,10,23
"24","Name an app that's embarrassing to own.","NFLNETWORK",1,10,24
"25","Name an app that's embarrassing to own.","OKCUPID",1,10,25
"26","Name an app that's embarrassing to own.","PERIODCALENDER",1,10,26
"27","Name an app that's embarrassing to own.","PERIODTRACKER",1,10,27
"28","Name an app that's embarrassing to own.","PONYJIGSAWPUZZLES",1,10,28
"29","Name an app that's embarrassing to own.","PORNHUB",1,10,29
"30","Name an app that's embarrassing to own.","QUSTODIO",1,10,30
"31","Name an app that's embarrassing to own.","SETTINGS",1,10,31
"32","Name an app that's embarrassing to own.","STREAKERRUN",1,10,32
"33","Name an app that's embarrassing to own.","TOLIETTIME",1,10,33
"34","Name an app that's embarrassing to own.","TWITTER",1,10,34
"35","Name a Nintendo character you would want to invite to a dinner party.","PRINCESSPEACH",13,2,1
"36","Name a Nintendo character you would want to invite to a dinner party.","LINK",8,2,2
"37","Name a Nintendo character you would want to invite to a dinner party.","ZELDA",7,2,3
"38","Name a Nintendo character you would want to invite to a dinner party.","YOSHI",6,2,4
"39","Name a Nintendo character you would want to invite to a dinner party.","WALUIGI",5,2,5
"40","Name a Nintendo character you would want to invite to a dinner party.","LUIGI",4,2,6
"41","Name a Nintendo character you would want to invite to a dinner party.","MARIO",4,2,7
"42","Name a Nintendo character you would want to invite to a dinner party.","KIRBY",3,2,8
"43","Name a Nintendo character you would want to invite to a dinner party.","PEACH",3,2,9
"44","Name a Nintendo character you would want to invite to a dinner party.","SAMUS",3,2,10
"45","Name a Nintendo character you would want to invite to a dinner party.","TOAD",3,2,11
"46","Name a Nintendo character you would want to invite to a dinner party.","BIRDO",2,2,12
"47","Name a Nintendo character you would want to invite to a dinner party.","DONKEYKONG",2,2,13
"48","Name a Nintendo character you would want to invite to a dinner party.","BOO",1,2,14
"49","Name a Nintendo character you would want to invite to a dinner party.","BOWSER",1,2,15
"50","Name a Nintendo character you would want to invite to a dinner party.","CAPTAINFALCON",1,2,16
"51","Name a Nintendo character you would want to invite to a dinner party.","DRMARIO",1,2,17
"52","Name a Nintendo character you would want to invite to a dinner party.","GREENMARIO",1,2,18
"53","Name a Nintendo character you would want to invite to a dinner party.","KIK",1,2,19
"54","Name a Nintendo character you would want to invite to a dinner party.","LITTLEMAC",1,2,20
"55","Name a Nintendo character you would want to invite to a dinner party.","MEGAMAN",1,2,21
"56","Name a Nintendo character you would want to invite to a dinner party.","SAMUSARAN",1,2,22
"57","Name a Nintendo character you would want to invite to a dinner party.","STARFOX",1,2,23
"58","Name something you might see at a comic convention.","COSPLAY",11,8,1
"59","Name something you might see at a comic convention.","NERDS",8,8,2
"60","Name something you might see at a comic convention.","COMICS",6,8,3
"61","Name something you might see at a comic convention.","CELEBRITIES",4,8,4
"62","Name something you might see at a comic convention.","COSTUMES",4,8,5
"63","Name something you might see at a comic convention.","DEADPOOL",4,8,6
"64","Name something you might see at a comic convention.","COSPLAYERS",3,8,7
"65","Name something you might see at a comic convention.","KINGOFTHENERDS",2,8,8
"66","Name something you might see at a comic convention.","LANYARDS",2,8,9
"67","Name something you might see at a comic convention.","NERDFEUD",2,8,10
"68","Name something you might see at a comic convention.","ACOSPLAYER",1,8,11
"69","Name something you might see at a comic convention.","ART",1,8,12
"70","Name something you might see at a comic convention.","ATARDIS",1,8,13
"71","Name something you might see at a comic convention.","BADCOSPLAY",1,8,14
"72","Name something you might see at a comic convention.","BANANAS",1,8,15
"73","Name something you might see at a comic convention.","BATMAN",1,8,16
"74","Name something you might see at a comic convention.","BOOBS",1,8,17
"75","Name something you might see at a comic convention.","CASTOFKINGOFTHENERDS",1,8,18
"76","Name something you might see at a comic convention.","COMICBOOKS",1,8,19
"77","Name something you might see at a comic convention.","COSPLAYER",1,8,20
"78","Name something you might see at a comic convention.","DEADPOOLS",1,8,21
"79","Name something you might see at a comic convention.","DOCTORWHOREFERENCES",1,8,22
"80","Name something you might see at a comic convention.","DRUNKENWENCHES",1,8,23
"81","Name something you might see at a comic convention.","FURRIES",1,8,24
"82","Name something you might see at a comic convention.","HARLEYQUINN",1,8,25
"83","Name something you might see at a comic convention.","HOTCHICKSINSKIMPYOUTFITS",1,8,26
"84","Name something you might see at a comic convention.","JOKER",1,8,27
"85","Name something you might see at a comic convention.","KIK",1,8,28
"86","Name something you might see at a comic convention.","KINGOFTHENERDSCAST",1,8,29
"87","Name something you might see at a comic convention.","LIGHTSABERS",1,8,30
"88","Name something you might see at a comic convention.","NERD",1,8,31
"89","Name something you might see at a comic convention.","NERDSPEEDDATING",1,8,32
"90","Name something you might see at a comic convention.","OVERPRICEDFOOD",1,8,33
"91","Name something you might see at a comic convention.","OVERWEIGHTPOISONIVY",1,8,34
"92","Name something you might see at a comic convention.","PANELS",1,8,35
"93","Name something you might see at a comic convention.","PEOPLE",1,8,36
"94","Name something you might see at a comic convention.","SEXYNERDS",1,8,37
"95","Name something you might see at a comic convention.","THISSURVEY",1,8,38
"96","Name something you might see at a comic convention.","VIRGINS",1,8,39
"97","Name an overpowered Pokemon.","MEWTWO",14,18,1
"98","Name an overpowered Pokemon.","MEW",5,18,2
"99","Name an overpowered Pokemon.","ARCEUS",4,18,3
"100","Name an overpowered Pokemon.","CHARIZARD",4,18,4
"101","Name an overpowered Pokemon.","DITTO",2,18,5
"102","Name an overpowered Pokemon.","GIRATINA",2,18,6
"103","Name an overpowered Pokemon.","JIGGLYPUFF",2,18,7
"104","Name an overpowered Pokemon.","MAGIKARP",2,18,8
"105","Name an overpowered Pokemon.","PIKACHU",2,18,9
"106","Name an overpowered Pokemon.","RAYQUAZA",2,18,10
"107","Name an overpowered Pokemon.","ALAKAZAM",1,18,11
"108","Name an overpowered Pokemon.","ARSIUS",1,18,12
"109","Name an overpowered Pokemon.","ASH",1,18,13
"110","Name an overpowered Pokemon.","BIDOF",1,18,14
"111","Name an overpowered Pokemon.","BLAZIKEN",1,18,15
"112","Name an overpowered Pokemon.","CHARAZZARD",1,18,16
"113","Name an overpowered Pokemon.","CHARMANDER",1,18,17
"114","Name an overpowered Pokemon.","COBALION",1,18,18
"115","Name an overpowered Pokemon.","DITO",1,18,19
"116","Name an overpowered Pokemon.","KIK",1,18,20
"117","Name an overpowered Pokemon.","MEGARAQUAZA",1,18,21
"118","Name an overpowered Pokemon.","MEWTO",1,18,22
"119","Name an overpowered Pokemon.","PEKACHU",1,18,23
"120","Name an overpowered Pokemon.","PICACHO",1,18,24
"121","Name an overpowered Pokemon.","PICHU",1,18,25
"122","Name an overpowered Pokemon.","PSYDUCK",1,18,26
"123","Name an overpowered Pokemon.","RATTATA",1,18,27
"124","Name an overpowered Pokemon.","SQUIRTLE",1,18,28
"125","Name something you want to know about a movie before you see it.","CAST",5,12,1
"126","Name something you want to know about a movie before you see it.","TITLE",5,12,2
"127","Name something you want to know about a movie before you see it.","ACTORS",4,12,3
"128","Name something you want to know about a movie before you see it.","GENRE",4,12,4
"129","Name something you want to know about a movie before you see it.","DIRECTOR",3,12,5
"130","Name something you want to know about a movie before you see it.","DOESTHEDOGDIE",2,12,6
"131","Name something you want to know about a movie before you see it.","ISITGOOD",2,12,7
"132","Name something you want to know about a movie before you see it.","NAME",2,12,8
"133","Name something you want to know about a movie before you see it.","NOTHING",2,12,9
"134","Name something you want to know about a movie before you see it.","PLOT",2,12,10
"135","Name something you want to know about a movie before you see it.","QUALITY",2,12,11
"136","Name something you want to know about a movie before you see it.","THECAST",2,12,12
"137","Name something you want to know about a movie before you see it.","THEPLOT",2,12,13
"138","Name something you want to know about a movie before you see it.","WHOISINIT",2,12,14
"139","Name something you want to know about a movie before you see it.","WHOSINIT",2,12,15
"140","Name something you want to know about a movie before you see it.","ANYTHING",1,12,16
"141","Name something you want to know about a movie before you see it.","ARETHEREKNOWNACTORSANDIFSOHAVETHEYBEENANYGOODINTHEPAST",1,12,17
"142","Name something you want to know about a movie before you see it.","ARETHERENAKEDWOMEN",1,12,18
"143","Name something you want to know about a movie before you see it.","BASICPLOT",1,12,19
"144","Name something you want to know about a movie before you see it.","BECHDELTEST",1,12,20
"145","Name something you want to know about a movie before you see it.","CASTLIST",1,12,21
"146","Name something you want to know about a movie before you see it.","CASTOFCHARACTERS",1,12,22
"147","Name something you want to know about a movie before you see it.","DOESANYTHINGBLOWUP",1,12,23
"148","Name something you want to know about a movie before you see it.","DOESITSUCK",1,12,24
"149","Name something you want to know about a movie before you see it.","HOTGUYS",1,12,25
"150","Name something you want to know about a movie before you see it.","ISITAHORRORMOVIE",1,12,26
"151","Name something you want to know about a movie before you see it.","ISITLIKETHEBOOK",1,12,27
"152","Name something you want to know about a movie before you see it.","ITSACTORS",1,12,28
"153","Name something you want to know about a movie before you see it.","KIK",1,12,29
"154","Name something you want to know about a movie before you see it.","LENGTH",1,12,30
"155","Name something you want to know about a movie before you see it.","MPRATING",1,12,31
"156","Name something you want to know about a movie before you see it.","PLOTLINE",1,12,32
"157","Name something you want to know about a movie before you see it.","RATED",1,12,33
"158","Name something you want to know about a movie before you see it.","REVIEWS",1,12,34
"159","Name something you want to know about a movie before you see it.","ROTTENTOMATOESSCORE",1,12,35
"160","Name something you want to know about a movie before you see it.","RUNTIME",1,12,36
"161","Name something you want to know about a movie before you see it.","SETTING",1,12,37
"162","Name something you want to know about a movie before you see it.","SOMEONEWILLDIE",1,12,38
"163","Name something you want to know about a movie before you see it.","STARS",1,12,39
"164","Name something you want to know about a movie before you see it.","THATNOBODYDIES",1,12,40
"165","Name something you want to know about a movie before you see it.","THECRITICREVIEWS",1,12,41
"166","Name something you want to know about a movie before you see it.","THEGENRE",1,12,42
"167","Name something you want to know about a movie before you see it.","WEREALLTHEBESTJOKESINTHETRAILER",1,12,43
"168","Name something you want to know about a movie before you see it.","WHATSONTHESOUNDTRACK",1,12,44
"169","Name something you want to know about a movie before you see it.","WHATTHESTORYISABOUT",1,12,45
"170","Name something you want to know about a movie before you see it.","WHODIES",1,12,46
"171","Name something you want to know about a movie before you see it.","WHOISTHEBADGUY",1,12,47
"172","Name something you want to know about a movie before you see it.","WHOSTARS",1,12,48
"173","Name something you want to know about a movie before you see it.","WILLFERREL",1,12,49
"174","Name something you might leave plugged in all the time.","COMPUTER",17,5,1
"175","Name something you might leave plugged in all the time.","TV",9,5,2
"176","Name something you might leave plugged in all the time.","PHONECHARGER",7,5,3
"177","Name something you might leave plugged in all the time.","LAPTOP",6,5,4
"178","Name something you might leave plugged in all the time.","REFRIGERATOR",5,5,5
"179","Name something you might leave plugged in all the time.","TOASTER",5,5,6
"180","Name something you might leave plugged in all the time.","ALARMCLOCK",2,5,7
"181","Name something you might leave plugged in all the time.","APLUG",2,5,8
"182","Name something you might leave plugged in all the time.","DESKTOPCOMPUTER",2,5,9
"183","Name something you might leave plugged in all the time.","LAMP",2,5,10
"184","Name something you might leave plugged in all the time.","PHONE",2,5,11
"185","Name something you might leave plugged in all the time.","TELEVISION",2,5,12
"186","Name something you might leave plugged in all the time.","CELLPHONE",1,5,13
"187","Name something you might leave plugged in all the time.","CELLPHONECHARGER",1,5,14
"188","Name something you might leave plugged in all the time.","COFFEEMACHINE",1,5,15
"189","Name something you might leave plugged in all the time.","COFFEEPOT",1,5,16
"190","Name something you might leave plugged in all the time.","GAMECONSOLE",1,5,17
"191","Name something you might leave plugged in all the time.","HEATEDBLANKET",1,5,18
"192","Name something you might leave plugged in all the time.","KIK",1,5,19
"193","Name something you might leave plugged in all the time.","LAPTOPCHARGER",1,5,20
"194","Name something you might leave plugged in all the time.","MICROWAVE",1,5,21
"195","Name something you might leave plugged in all the time.","MYXBOX",1,5,22
"196","Name something you might leave plugged in all the time.","PC",1,5,23
"197","Name something you might leave plugged in all the time.","REFRIDGERATER",1,5,24
"198","Name something you might leave plugged in all the time.","REGRIGERATOR",1,5,25
"199","Name something you might leave plugged in all the time.","SERVER",1,5,26
"200","Name something you might leave plugged in all the time.","XBOX",1,5,27
"201","Name a Disney princess that would make a good assassin.","MULAN",28,19,1
"202","Name a Disney princess that would make a good assassin.","JASMINE",10,19,2
"203","Name a Disney princess that would make a good assassin.","ELSA",6,19,3
"204","Name a Disney princess that would make a good assassin.","MERIDA",6,19,4
"205","Name a Disney princess that would make a good assassin.","ARIEL",3,19,5
"206","Name a Disney princess that would make a good assassin.","BELLE",3,19,6
"207","Name a Disney princess that would make a good assassin.","RAPUNZEL",3,19,7
"208","Name a Disney princess that would make a good assassin.","TIANA",3,19,8
"209","Name a Disney princess that would make a good assassin.","POCAHONTAS",2,19,9
"210","Name a Disney princess that would make a good assassin.","THEBLACKONE",2,19,10
"211","Name a Disney princess that would make a good assassin.","ARIELFUCKINGMERMAIDSMAN",1,19,11
"212","Name a Disney princess that would make a good assassin.","HANS",1,19,12
"213","Name a Disney princess that would make a good assassin.","JASMIN",1,19,13
"214","Name a Disney princess that would make a good assassin.","JASMINEWHATAWAYTOGO",1,19,14
"215","Name a Disney princess that would make a good assassin.","JAZMIN",1,19,15
"216","Name a Disney princess that would make a good assassin.","KIK",1,19,16
"217","Name a Disney princess that would make a good assassin.","KITA",1,19,17
"218","Name a Disney princess that would make a good assassin.","KUZCO",1,19,18
"219","Name a Disney princess that would make a good assassin.","PRINCESSJASMIN",1,19,19
"220","Name a Disney princess that would make a good assassin.","PRINCESSLEIA",1,19,20
"221","Name a Disney princess that would make a good assassin.","SLEEPINGBEAUTY",1,19,21
"222","Name a board game that makes you want to flip a table (‚ïØ¬∞‚ñ°¬∞)‚ïØÔ∏µ ‚îª‚îÅ‚îª","MONOPOLY",26,20,1
"223","Name a board game that makes you want to flip a table (‚ïØ¬∞‚ñ°¬∞)‚ïØÔ∏µ ‚îª‚îÅ‚îª","RISK",10,20,2
"224","Name a board game that makes you want to flip a table (‚ïØ¬∞‚ñ°¬∞)‚ïØÔ∏µ ‚îª‚îÅ‚îª","CHESS",3,20,3
"225","Name a board game that makes you want to flip a table (‚ïØ¬∞‚ñ°¬∞)‚ïØÔ∏µ ‚îª‚îÅ‚îª","SETTLERSOFCATAN",3,20,4
"226","Name a board game that makes you want to flip a table (‚ïØ¬∞‚ñ°¬∞)‚ïØÔ∏µ ‚îª‚îÅ‚îª","SORRY",3,20,5
"227","Name a board game that makes you want to flip a table (‚ïØ¬∞‚ñ°¬∞)‚ïØÔ∏µ ‚îª‚îÅ‚îª","TICKETTORIDE",3,20,6
"228","Name a board game that makes you want to flip a table (‚ïØ¬∞‚ñ°¬∞)‚ïØÔ∏µ ‚îª‚îÅ‚îª","CARCASSONE",2,20,7
"229","Name a board game that makes you want to flip a table (‚ïØ¬∞‚ñ°¬∞)‚ïØÔ∏µ ‚îª‚îÅ‚îª","DIPLOMACY",2,20,8
"230","Name a board game that makes you want to flip a table (‚ïØ¬∞‚ñ°¬∞)‚ïØÔ∏µ ‚îª‚îÅ‚îª","TRIVIALPURSUIT",2,20,9
"231","Name a board game that makes you want to flip a table (‚ïØ¬∞‚ñ°¬∞)‚ïØÔ∏µ ‚îª‚îÅ‚îª","AGAMEOFTHRONES",1,20,10
"232","Name a board game that makes you want to flip a table (‚ïØ¬∞‚ñ°¬∞)‚ïØÔ∏µ ‚îª‚îÅ‚îª","ARKHAMHORROR",1,20,11
"233","Name a board game that makes you want to flip a table (‚ïØ¬∞‚ñ°¬∞)‚ïØÔ∏µ ‚îª‚îÅ‚îª","CHECKERS",1,20,12
"234","Name a board game that makes you want to flip a table (‚ïØ¬∞‚ñ°¬∞)‚ïØÔ∏µ ‚îª‚îÅ‚îª","CHUTESANDLADDERS",1,20,13
"235","Name a board game that makes you want to flip a table (‚ïØ¬∞‚ñ°¬∞)‚ïØÔ∏µ ‚îª‚îÅ‚îª","CLUE",1,20,14
"236","Name a board game that makes you want to flip a table (‚ïØ¬∞‚ñ°¬∞)‚ïØÔ∏µ ‚îª‚îÅ‚îª","CULTURESANDCUSTOMS",1,20,15
"237","Name a board game that makes you want to flip a table (‚ïØ¬∞‚ñ°¬∞)‚ïØÔ∏µ ‚îª‚îÅ‚îª","DEADOFWINTER",1,20,16
"238","Name a board game that makes you want to flip a table (‚ïØ¬∞‚ñ°¬∞)‚ïØÔ∏µ ‚îª‚îÅ‚îª","FUCKINGMONOPOLY",1,20,17
"239","Name a board game that makes you want to flip a table (‚ïØ¬∞‚ñ°¬∞)‚ïØÔ∏µ ‚îª‚îÅ‚îª","GAK",1,20,18
"240","Name a board game that makes you want to flip a table (‚ïØ¬∞‚ñ°¬∞)‚ïØÔ∏µ ‚îª‚îÅ‚îª","GAMEOFTHRONESTHEBOARDGAME",1,20,19
"241","Name a board game that makes you want to flip a table (‚ïØ¬∞‚ñ°¬∞)‚ïØÔ∏µ ‚îª‚îÅ‚îª","HOUSEONTHEHAUNTEDHILL",1,20,20
"242","Name a board game that makes you want to flip a table (‚ïØ¬∞‚ñ°¬∞)‚ïØÔ∏µ ‚îª‚îÅ‚îª","KIK",1,20,21
"243","Name a board game that makes you want to flip a table (‚ïØ¬∞‚ñ°¬∞)‚ïØÔ∏µ ‚îª‚îÅ‚îª","MICEANDMYSTICS",1,20,22
"244","Name a board game that makes you want to flip a table (‚ïØ¬∞‚ñ°¬∞)‚ïØÔ∏µ ‚îª‚îÅ‚îª","MOSTOFTHEM",1,20,23
"245","Name a board game that makes you want to flip a table (‚ïØ¬∞‚ñ°¬∞)‚ïØÔ∏µ ‚îª‚îÅ‚îª","MUNCHKIN",1,20,24
"246","Name a board game that makes you want to flip a table (‚ïØ¬∞‚ñ°¬∞)‚ïØÔ∏µ ‚îª‚îÅ‚îª","PANDEMIC",1,20,25
"247","Name an underwhelming super power.","XRAYVISION",4,9,1
"248","Name an underwhelming super power.","SUPERSMELL",3,9,2
"249","Name an underwhelming super power.","TALKTOFISH",3,9,3
"250","Name an underwhelming super power.","BEINGMOIST",2,9,4
"251","Name an underwhelming super power.","GLOWING",2,9,5
"252","Name an underwhelming super power.","HINDSIGHT",2,9,6
"253","Name an underwhelming super power.","INVISIBILITY",2,9,7
"254","Name an underwhelming super power.","SHRINKING",2,9,8
"255","Name an underwhelming super power.","TALKINGTOANIMALS",2,9,9
"256","Name an underwhelming super power.","TALKINGTOFISH",2,9,10
"257","Name an underwhelming super power.","THEABILITYTOMAKETHINGSSLIGHTLYSTICKY",2,9,11
"258","Name an underwhelming super power.","2020HINDSIGHT",1,9,12
"259","Name an underwhelming super power.","ABILITYTOFLYBACKWARDS",1,9,13
"260","Name an underwhelming super power.","AQUAMANSPOWEROVERTHESEAS",1,9,14
"261","Name an underwhelming super power.","BATMAN",1,9,15
"262","Name an underwhelming super power.","BEINGSMART",1,9,16
"263","Name an underwhelming super power.","BLACKCANARYSCREAM",1,9,17
"264","Name an underwhelming super power.","BOUNCINGBOYSPOWER",1,9,18
"265","Name an underwhelming super power.","CORRECTLYSIZEDSHOES",1,9,19
"266","Name an underwhelming super power.","CRAYVISION",1,9,20
"267","Name an underwhelming super power.","CURINGCANCER",1,9,21
"268","Name an underwhelming super power.","DISHWASHING",1,9,22
"269","Name an underwhelming super power.","ELASTICITY",1,9,23
"270","Name an underwhelming super power.","EMPATHY",1,9,24
"271","Name an underwhelming super power.","FARTPOWEREDFLIGHT",1,9,25
"272","Name an underwhelming super power.","FLIGHT",1,9,26
"273","Name an underwhelming super power.","HEART",1,9,27
"274","Name an underwhelming super power.","HEIGHTENSENSES",1,9,28
"275","Name an underwhelming super power.","ILLUMINATION",1,9,29
"276","Name an underwhelming super power.","KIK",1,9,30
"277","Name an underwhelming super power.","LIMBDETACHMENT",1,9,31
"278","Name an underwhelming super power.","MELTING",1,9,32
"279","Name an underwhelming super power.","MINDREADING",1,9,33
"280","Name an underwhelming super power.","MOISTNESS",1,9,34
"281","Name an underwhelming super power.","MOISTUREPRODUCTION",1,9,35
"282","Name an underwhelming super power.","NOSUPERPOWER",1,9,36
"283","Name an underwhelming super power.","PAINTYOURTONAILS",1,9,37
"284","Name an underwhelming super power.","POWERTOCREATECARBONDIOXIDE",1,9,38
"285","Name an underwhelming super power.","POWERYELL",1,9,39
"286","Name an underwhelming super power.","READINGFISHMINDS",1,9,40
"287","Name an underwhelming super power.","SHOOTINGARROWS",1,9,41
"288","Name an underwhelming super power.","SIDEKICK",1,9,42
"289","Name an underwhelming super power.","STREETLIGHTINTERFERENCE",1,9,43
"290","Name an underwhelming super power.","STRETCHING",1,9,44
"291","Name an underwhelming super power.","SUPERLACTOSETOLERANCE",1,9,45
"292","Name an underwhelming super power.","SUPERSLEEP",1,9,46
"293","Name an underwhelming super power.","SUPERSNIFFERNOSE",1,9,47
"294","Name an underwhelming super power.","TALKTOANIMALS",1,9,48
"295","Name an underwhelming super power.","TALKTOFISHLOOKINGATYOUAQUAMAN",1,9,49
"296","Name an underwhelming super power.","TALKWITHANIMALS",1,9,50
"297","Name an underwhelming super power.","THEABILITYTOCHANGEYOUREYECOLOR",1,9,51
"298","Name an underwhelming super power.","THEABILITYTOHOVER",1,9,52
"299","Name an underwhelming super power.","THEABILITYTOPAINT",1,9,53
"300","Name an underwhelming super power.","THEABILITYTOTELEPORTONEMILLIMETERTOYOURLEFT",1,9,54
"301","Name an underwhelming super power.","THEPOWERTOMELT",1,9,55
"302","Name an underwhelming super power.","TURNINTOGUINEAPIG",1,9,56
"303","Name something you'd find in a mad scientists' lab.","BEAKERS",9,4,1
"304","Name something you'd find in a mad scientists' lab.","BEAKER",8,4,2
"305","Name something you'd find in a mad scientists' lab.","TESTTUBES",5,4,3
"306","Name something you'd find in a mad scientists' lab.","BUNSENBURNER",4,4,4
"307","Name something you'd find in a mad scientists' lab.","CHEMICALS",4,4,5
"308","Name something you'd find in a mad scientists' lab.","JACOBSLADDER",3,4,6
"309","Name something you'd find in a mad scientists' lab.","TESLACOILS",3,4,7
"310","Name something you'd find in a mad scientists' lab.","ACID",2,4,8
"311","Name something you'd find in a mad scientists' lab.","AMADSCIENTIST",2,4,9
"312","Name something you'd find in a mad scientists' lab.","LASERS",2,4,10
"313","Name something you'd find in a mad scientists' lab.","LIGHTNING",2,4,11
"314","Name something you'd find in a mad scientists' lab.","ANEVILLAUGH",1,4,12
"315","Name something you'd find in a mad scientists' lab.","BADHAIR",1,4,13
"316","Name something you'd find in a mad scientists' lab.","BECKERS",1,4,14
"317","Name something you'd find in a mad scientists' lab.","BIRTHINGPOD",1,4,15
"318","Name something you'd find in a mad scientists' lab.","BODYPARTS",1,4,16
"319","Name something you'd find in a mad scientists' lab.","BRAININAJAR",1,4,17
"320","Name something you'd find in a mad scientists' lab.","BRAINS",1,4,18
"321","Name something you'd find in a mad scientists' lab.","CHEMISTRYSET",1,4,19
"322","Name something you'd find in a mad scientists' lab.","CLONES",1,4,20
"323","Name something you'd find in a mad scientists' lab.","CLONINGMACHINE",1,4,21
"324","Name something you'd find in a mad scientists' lab.","COLDIRON",1,4,22
"325","Name something you'd find in a mad scientists' lab.","DEATHRAY",1,4,23
"326","Name something you'd find in a mad scientists' lab.","DRYICE",1,4,24
"327","Name something you'd find in a mad scientists' lab.","EYEBALLS",1,4,25
"328","Name something you'd find in a mad scientists' lab.","FAILEDEXPERIMENTS",1,4,26
"329","Name something you'd find in a mad scientists' lab.","FETUSINAJAR",1,4,27
"330","Name something you'd find in a mad scientists' lab.","FLUOROANTIMONICACID",1,4,28
"331","Name something you'd find in a mad scientists' lab.","GLASS",1,4,29
"332","Name something you'd find in a mad scientists' lab.","GLOVES",1,4,30
"333","Name something you'd find in a mad scientists' lab.","GOGGLES",1,4,31
"334","Name something you'd find in a mad scientists' lab.","HALFEATENSANDWICH",1,4,32
"335","Name something you'd find in a mad scientists' lab.","KIK",1,4,33
"336","Name something you'd find in a mad scientists' lab.","LABCOAT",1,4,34
"337","Name something you'd find in a mad scientists' lab.","LIGHTSABER",1,4,35
"338","Name something you'd find in a mad scientists' lab.","LIQUIDS",1,4,36
"339","Name something you'd find in a mad scientists' lab.","LOTSOFCHEMICALS",1,4,37
"340","Name something you'd find in a mad scientists' lab.","MADSCIENTIST",1,4,38
"341","Name something you'd find in a mad scientists' lab.","MINIONS",1,4,39
"342","Name something you'd find in a mad scientists' lab.","SLAB",1,4,40
"343","Name something you'd find in a mad scientists' lab.","SPECIMENS",1,4,41
"344","Name something you'd find in a mad scientists' lab.","WONDERFLONIUM",1,4,42
"345","Name something you'd find in a mad scientists' lab.","WONDERFLORIUM",1,4,43
"346","Name a very powerful weapon.","LIGHTSABER",8,1,1
"347","Name a very powerful weapon.","DEATHSTAR",5,1,2
"348","Name a very powerful weapon.","ATOMICBOMB",4,1,3
"349","Name a very powerful weapon.","ELDERWAND",3,1,4
"350","Name a very powerful weapon.","RAILGUN",3,1,5
"351","Name a very powerful weapon.","BFG",2,1,6
"352","Name a very powerful weapon.","GUN",2,1,7
"353","Name a very powerful weapon.","HBOMB",2,1,8
"354","Name a very powerful weapon.","LASER",2,1,9
"355","Name a very powerful weapon.","LOVE",2,1,10
"356","Name a very powerful weapon.","NUKE",2,1,11
"357","Name a very powerful weapon.","PEN",2,1,12
"358","Name a very powerful weapon.","ANTIMATTERBOMB",1,1,13
"359","Name a very powerful weapon.","ATOMBOMB",1,1,14
"360","Name a very powerful weapon.","BG8000",1,1,15
"361","Name a very powerful weapon.","BOOKS",1,1,16
"362","Name a very powerful weapon.","CANNON",1,1,17
"363","Name a very powerful weapon.","CHAINSAW",1,1,18
"364","Name a very powerful weapon.","ELUCIDATOR",1,1,19
"365","Name a very powerful weapon.","FROSTMOURNE",1,1,20
"366","Name a very powerful weapon.","GATLINGGUN",1,1,21
"367","Name a very powerful weapon.","GREENLANTERNRING",1,1,22
"368","Name a very powerful weapon.","HYDROGENBOMB",1,1,23
"369","Name a very powerful weapon.","INFINITYGAUNTLETWITHSTONES",1,1,24
"370","Name a very powerful weapon.","KEYBLADE",1,1,25
"371","Name a very powerful weapon.","KIK",1,1,26
"372","Name a very powerful weapon.","KNOWLEDGE",1,1,27
"373","Name a very powerful weapon.","MACHET ",1,1,28
"374","Name a very powerful weapon.","MASTERSWORD",1,1,29
"375","Name a very powerful weapon.","MIND",1,1,30
"376","Name a very powerful weapon.","MJOLNIER",1,1,31
"377","Name a very powerful weapon.","MJOLNIR",1,1,32
"378","Name a very powerful weapon.","MJ÷LNIR",1,1,33
"379","Name a very powerful weapon.","MYPASSIONFORGELATO",1,1,34
"380","Name a very powerful weapon.","MYSEXUALITY",1,1,35
"381","Name a very powerful weapon.","NOISYCRICKET",1,1,36
"382","Name a very powerful weapon.","NUCLEARBOMB",1,1,37
"383","Name a very powerful weapon.","NUCLEARWEAPON",1,1,38
"384","Name a very powerful weapon.","SWORDOFOMENS",1,1,39
"385","Name a very powerful weapon.","TESSARAC",1,1,40
"386","Name a very powerful weapon.","THEBURNBAZOOKAOFONEPIECE",1,1,41
"387","Name a very powerful weapon.","THEFEMININEMYSTIQUE",1,1,42
"388","Name a very powerful weapon.","THEHUMANSPIRIT",1,1,43
"389","Name a very powerful weapon.","THEINFINITYGAUNTLET",1,1,44
"390","Name a very powerful weapon.","THEMIND",1,1,45
"391","Name a very powerful weapon.","THORSHAMMER",1,1,46
"392","Name a very powerful weapon.","WAND",1,1,47
"393","Name a very powerful weapon.","WORDS",1,1,48
"394","Name a very powerful weapon.","ZODIAC",1,1,49
"395","Name a scary mythical creature.","DRAGON",7,7,1
"396","Name a scary mythical creature.","CHIMERA",4,7,2
"397","Name a scary mythical creature.","CHUPACABRA",3,7,3
"398","Name a scary mythical creature.","CTHULHU",3,7,4
"399","Name a scary mythical creature.","GOD",3,7,5
"400","Name a scary mythical creature.","HYDRA",3,7,6
"401","Name a scary mythical creature.","MEDUSA",3,7,7
"402","Name a scary mythical creature.","CTHULU",2,7,8
"403","Name a scary mythical creature.","DIREWOLF",2,7,9
"404","Name a scary mythical creature.","GORGON",2,7,10
"405","Name a scary mythical creature.","KRAKEN",2,7,11
"406","Name a scary mythical creature.","MINOTAUR",2,7,12
"407","Name a scary mythical creature.","OBAMA",2,7,13
"408","Name a scary mythical creature.","VAMPIRE",2,7,14
"409","Name a scary mythical creature.","ACHIMERA",1,7,15
"410","Name a scary mythical creature.","BANSHEE",1,7,16
"411","Name a scary mythical creature.","BASILISK",1,7,17
"412","Name a scary mythical creature.","CADEJO",1,7,18
"413","Name a scary mythical creature.","CERBERUS",1,7,19
"414","Name a scary mythical creature.","CRACKEN",1,7,20
"415","Name a scary mythical creature.","DEMENTORS",1,7,21
"416","Name a scary mythical creature.","DRAGONS",1,7,22
"417","Name a scary mythical creature.","DULLAHAN",1,7,23
"418","Name a scary mythical creature.","ELCADEJO",1,7,24
"419","Name a scary mythical creature.","FROGPRINCE",1,7,25
"420","Name a scary mythical creature.","FUCKINGMERMAIDSMAN",1,7,26
"421","Name a scary mythical creature.","GIANTSPIDERS",1,7,27
"422","Name a scary mythical creature.","GOLUM",1,7,28
"423","Name a scary mythical creature.","GRINDOLOW",1,7,29
"424","Name a scary mythical creature.","KELPIE",1,7,30
"425","Name a scary mythical creature.","KIK",1,7,31
"426","Name a scary mythical creature.","LACHUPACABRA",1,7,32
"427","Name a scary mythical creature.","NARWHAL",1,7,33
"428","Name a scary mythical creature.","NECROMANCER",1,7,34
"429","Name a scary mythical creature.","OBABO",1,7,35
"430","Name a scary mythical creature.","POLYPHEMUSTHECYCLOPS",1,7,36
"431","Name a scary mythical creature.","REAPERS",1,7,37
"432","Name a scary mythical creature.","REAVERS",1,7,38
"433","Name a scary mythical creature.","SASQUACH",1,7,39
"434","Name a scary mythical creature.","SLENDERMAN",1,7,40
"435","Name a scary mythical creature.","STEPHALEFTALOPAGIS",1,7,41
"436","Name a scary mythical creature.","TARASK",1,7,42
"437","Name a scary mythical creature.","TARRASQUE",1,7,43
"438","Name a scary mythical creature.","UNICORN",1,7,44
"439","Name a scary mythical creature.","WENDIGO",1,7,45
"440","Name a scary mythical creature.","WYVERN",1,7,46
"441","Name a scary mythical creature.","YETI",1,7,47
"442","Name a scary mythical creature.","YOURMOM",1,7,48
"443","Name a useful thing to have in a zombie apocalypse.","MACHETE",9,17,1
"444","Name a useful thing to have in a zombie apocalypse.","FOOD",6,17,2
"445","Name a useful thing to have in a zombie apocalypse.","SHOTGUN",4,17,3
"446","Name a useful thing to have in a zombie apocalypse.","SWORD",4,17,4
"447","Name a useful thing to have in a zombie apocalypse.","BASEBALLBAT",2,17,5
"448","Name a useful thing to have in a zombie apocalypse.","CHAINSAW",2,17,6
"449","Name a useful thing to have in a zombie apocalypse.","CROSSBOW",2,17,7
"450","Name a useful thing to have in a zombie apocalypse.","CROWBAR",2,17,8
"451","Name a useful thing to have in a zombie apocalypse.","GUN",2,17,9
"452","Name a useful thing to have in a zombie apocalypse.","THECURE",2,17,10
"453","Name a useful thing to have in a zombie apocalypse.","ABAGOFFRESHBRAINS",1,17,11
"454","Name a useful thing to have in a zombie apocalypse.","ACAT",1,17,12
"455","Name a useful thing to have in a zombie apocalypse.","ADESERTEDFARMHOUSETOHIDEIN",1,17,13
"456","Name a useful thing to have in a zombie apocalypse.","AMOAT",1,17,14
"457","Name a useful thing to have in a zombie apocalypse.","ANACTIVEBRAINANDBODY",1,17,15
"458","Name a useful thing to have in a zombie apocalypse.","ANAIRPLANE",1,17,16
"459","Name a useful thing to have in a zombie apocalypse.","ANTIZOMBIEDRUGS",1,17,17
"460","Name a useful thing to have in a zombie apocalypse.","ANUNEATENBRAIN",1,17,18
"461","Name a useful thing to have in a zombie apocalypse.","ASNOWCONEMACHINE",1,17,19
"462","Name a useful thing to have in a zombie apocalypse.","ASOURCEOFFOOD",1,17,20
"463","Name a useful thing to have in a zombie apocalypse.","ASWORD",1,17,21
"464","Name a useful thing to have in a zombie apocalypse.","AX",1,17,22
"465","Name a useful thing to have in a zombie apocalypse.","BOWANDARROW",1,17,23
"466","Name a useful thing to have in a zombie apocalypse.","CAR",1,17,24
"467","Name a useful thing to have in a zombie apocalypse.","CLEANWATER",1,17,25
"468","Name a useful thing to have in a zombie apocalypse.","FIREAXE",1,17,26
"469","Name a useful thing to have in a zombie apocalypse.","FIRSTAID",1,17,27
"470","Name a useful thing to have in a zombie apocalypse.","FOODDEHYDRATOR",1,17,28
"471","Name a useful thing to have in a zombie apocalypse.","GAK",1,17,29
"472","Name a useful thing to have in a zombie apocalypse.","GENERATOR",1,17,30
"473","Name a useful thing to have in a zombie apocalypse.","GOODSHOES",1,17,31
"474","Name a useful thing to have in a zombie apocalypse.","GUNS",1,17,32
"475","Name a useful thing to have in a zombie apocalypse.","HIDDENBASE",1,17,33
"476","Name a useful thing to have in a zombie apocalypse.","KATANASWORD",1,17,34
"477","Name a useful thing to have in a zombie apocalypse.","KIK",1,17,35
"478","Name a useful thing to have in a zombie apocalypse.","KNIFE",1,17,36
"479","Name a useful thing to have in a zombie apocalypse.","NOBRAIN",1,17,37
"480","Name a useful thing to have in a zombie apocalypse.","PHASER",1,17,38
"481","Name a useful thing to have in a zombie apocalypse.","ROPE",1,17,39
"482","Name a useful thing to have in a zombie apocalypse.","RUNNINGSHOES",1,17,40
"483","Name a useful thing to have in a zombie apocalypse.","RVCAMPER",1,17,41
"484","Name a useful thing to have in a zombie apocalypse.","SALT",1,17,42
"485","Name a useful thing to have in a zombie apocalypse.","SNIPERRIFLE",1,17,43
"486","Name a useful thing to have in a zombie apocalypse.","SOLARPOWER",1,17,44
"487","Name a useful thing to have in a zombie apocalypse.","SPACESHIP",1,17,45
"488","Name a useful thing to have in a zombie apocalypse.","TOILETPAPER",1,17,46
"489","Name a useful thing to have in a zombie apocalypse.","TOWEL",1,17,47
"490","Name a useful thing to have in a zombie apocalypse.","TWINKIE",1,17,48
"491","Name a useful thing to have in a zombie apocalypse.","WATER",1,17,49
"492","Name a useful thing to have in a zombie apocalypse.","WEAPON",1,17,50
"493","Name a useful thing to have in a zombie apocalypse.","ZOMBIETRAPS",1,17,51
"494","Name a nerdy school subject.","PHYSICS",13,3,1
"495","Name a nerdy school subject.","MATH",9,3,2
"496","Name a nerdy school subject.","CALCULUS",7,3,3
"497","Name a nerdy school subject.","CHEMISTRY",6,3,4
"498","Name a nerdy school subject.","BIOLOGY",4,3,5
"499","Name a nerdy school subject.","SCIENCE",4,3,6
"500","Name a nerdy school subject.","COMPUTERSCIENCE",3,3,7
"501","Name a nerdy school subject.","TRIGONOMETRY",3,3,8
"502","Name a nerdy school subject.","ARITHMATIC",2,3,9
"503","Name a nerdy school subject.","ASTRONOMY",2,3,10
"504","Name a nerdy school subject.","DRAMA",2,3,11
"505","Name a nerdy school subject.","LATIN",2,3,12
"506","Name a nerdy school subject.","THEATER",2,3,13
"507","Name a nerdy school subject.","ALL",1,3,14
"508","Name a nerdy school subject.","APUSH",1,3,15
"509","Name a nerdy school subject.","APUSHISTORY",1,3,16
"510","Name a nerdy school subject.","ART",1,3,17
"511","Name a nerdy school subject.","ASTROPHYSICS",1,3,18
"512","Name a nerdy school subject.","AV",1,3,19
"513","Name a nerdy school subject.","BAND",1,3,20
"514","Name a nerdy school subject.","CALCULATOR",1,3,21
"515","Name a nerdy school subject.","CHEMISRTY",1,3,22
"516","Name a nerdy school subject.","DEBATE",1,3,23
"517","Name a nerdy school subject.","KIK",1,3,24
"518","Name a nerdy school subject.","MATHS",1,3,25
"519","Name a nerdy school subject.","PE",1,3,26
"520","Name a nerdy school subject.","PROGRAMMING",1,3,27
"521","Name a nerdy school subject.","ROBOTICS",1,3,28
"522","Name a nerdy school subject.","STATISTICSPROBABILITY",1,3,29
"523","Name a nerdy school subject.","WOODSHOP",1,3,30
"524","Name a great feature for a starship to have.","WARPDRIVE",12,11,1
"525","Name a great feature for a starship to have.","HYPERDRIVE",5,11,2
"526","Name a great feature for a starship to have.","OXYGEN",4,11,3
"527","Name a great feature for a starship to have.","SHIELDS",3,11,4
"528","Name a great feature for a starship to have.","WARPSPEED",3,11,5
"529","Name a great feature for a starship to have.","CLOAKING",2,11,6
"530","Name a great feature for a starship to have.","HOLODECK",2,11,7
"531","Name a great feature for a starship to have.","ABITCHINSTEREOSYSTEM",1,11,8
"532","Name a great feature for a starship to have.","AHYPERDRIVE",1,11,9
"533","Name a great feature for a starship to have.","AIRCONDITIONING",1,11,10
"534","Name a great feature for a starship to have.","ASTARBUCKS",1,11,11
"535","Name a great feature for a starship to have.","AWINDOW",1,11,12
"536","Name a great feature for a starship to have.","BATHROOM",1,11,13
"537","Name a great feature for a starship to have.","CLOAK",1,11,14
"538","Name a great feature for a starship to have.","CLOAKINGDEVICE",1,11,15
"539","Name a great feature for a starship to have.","CLOSETSPACE",1,11,16
"540","Name a great feature for a starship to have.","CORBOMITE",1,11,17
"541","Name a great feature for a starship to have.","CUPHOLDER",1,11,18
"542","Name a great feature for a starship to have.","DEFLECTORSHIELDS",1,11,19
"543","Name a great feature for a starship to have.","DININGROOMTABLE",1,11,20
"544","Name a great feature for a starship to have.","ENGINE",1,11,21
"545","Name a great feature for a starship to have.","FORCESHIELD",1,11,22
"546","Name a great feature for a starship to have.","FTLDRIVE",1,11,23
"547","Name a great feature for a starship to have.","GPS",1,11,24
"548","Name a great feature for a starship to have.","GRAVITY",1,11,25
"549","Name a great feature for a starship to have.","GREATSHIELDS",1,11,26
"550","Name a great feature for a starship to have.","GUNS",1,11,27
"551","Name a great feature for a starship to have.","IONCANNONS",1,11,28
"552","Name a great feature for a starship to have.","KEG",1,11,29
"553","Name a great feature for a starship to have.","KEURIG",1,11,30
"554","Name a great feature for a starship to have.","KIK",1,11,31
"555","Name a great feature for a starship to have.","LASER",1,11,32
"556","Name a great feature for a starship to have.","LASERS",1,11,33
"557","Name a great feature for a starship to have.","LAZARS",1,11,34
"558","Name a great feature for a starship to have.","LAZERS",1,11,35
"559","Name a great feature for a starship to have.","LIFESUPPORT",1,11,36
"560","Name a great feature for a starship to have.","LIGHTSPEED",1,11,37
"561","Name a great feature for a starship to have.","MISSILES",1,11,38
"562","Name a great feature for a starship to have.","NICETOILETS",1,11,39
"563","Name a great feature for a starship to have.","NOBLINDSPOTS",1,11,40
"564","Name a great feature for a starship to have.","SEATS",1,11,41
"565","Name a great feature for a starship to have.","SHIELD",1,11,42
"566","Name a great feature for a starship to have.","STEALTH",1,11,43
"567","Name a great feature for a starship to have.","TAPEPLAYER",1,11,44
"568","Name a great feature for a starship to have.","TELEPORTERS",1,11,45
"569","Name a great feature for a starship to have.","TOILETS",1,11,46
"570","Name a great feature for a starship to have.","TRACTORBEAM",1,11,47
"571","Name a great feature for a starship to have.","TRANSPORTER",1,11,48
"572","Name a great feature for a starship to have.","TRANSPORTERSTARTREK",1,11,49
"573","Name a great feature for a starship to have.","WARPENGINE",1,11,50
"574","Name a great feature for a starship to have.","WARPSPEEDEQUIPMENT",1,11,51
"575","Name a great feature for a starship to have.","WEAPONS",1,11,52
"576","Name a famous nerd.","WILWHEATON",8,6,1
"577","Name a famous nerd.","BILLNYE",5,6,2
"578","Name a famous nerd.","EINSTEIN",4,6,3
"579","Name a famous nerd.","LILYRE",4,6,4
"580","Name a famous nerd.","ALBERTEINSTEIN",3,6,5
"581","Name a famous nerd.","BILLGATES",3,6,6
"582","Name a famous nerd.","BILLNYETHESCIENCEGUY",3,6,7
"583","Name a famous nerd.","CURTISARMSTRONG",3,6,8
"584","Name a famous nerd.","JOSSWHEDON",3,6,9
"585","Name a famous nerd.","NATHANFILLIAN",3,6,10
"586","Name a famous nerd.","STEPHENHAWKING",3,6,11
"587","Name a famous nerd.","ISAACNEWTON",2,6,12
"588","Name a famous nerd.","YOURMOM",2,6,13
"589","Name a famous nerd.","ALANTUDYK",1,6,14
"590","Name a famous nerd.","BENJAMINFRANKLIN",1,6,15
"591","Name a famous nerd.","BOOGER",1,6,16
"592","Name a famous nerd.","BULLNYE",1,6,17
"593","Name a famous nerd.","CHRISHARDWICK",1,6,18
"594","Name a famous nerd.","COLBY",1,6,19
"595","Name a famous nerd.","DRNIELDTYSON",1,6,20
"596","Name a famous nerd.","ELIMANNING",1,6,21
"597","Name a famous nerd.","FELICIADAY",1,6,22
"598","Name a famous nerd.","HAWKING",1,6,23
"599","Name a famous nerd.","JOHNATHANADLER",1,6,24
"600","Name a famous nerd.","JOHNGREEN",1,6,25
"601","Name a famous nerd.","KAITLYN",1,6,26
"602","Name a famous nerd.","KENJENNINGS",1,6,27
"603","Name a famous nerd.","KEVINSPACEY",1,6,28
"604","Name a famous nerd.","KIK",1,6,29
"605","Name a famous nerd.","MARIECURIE",1,6,30
"606","Name a famous nerd.","NATHANFILLION",1,6,31
"607","Name a famous nerd.","NEILDEGRASSETYSON",1,6,32
"608","Name a famous nerd.","PEYTONMANNING",1,6,33
"609","Name a famous nerd.","SHELDONBIGBANGTHEORY",1,6,34
"610","Name a famous nerd.","STANLEE",1,6,35
"611","Name a famous nerd.","STEPHENHAWKINGS",1,6,36
"612","Name a famous nerd.","STEVENHAWKING",1,6,37
"613","Name a famous nerd.","STEVEURKLE",1,6,38
"614","Name a famous nerd.","WILLFERREL",1,6,39
"615","Name a famous nerd.","WILLWEATON",1,6,40
"616","Name a famous nerd.","WILLWHEATON",1,6,41
"617","Name a fantasy novel that everyone should read.","HARRYPOTTER",10,16,1
"618","Name a fantasy novel that everyone should read.","LORDOFTHERINGS",8,16,2
"619","Name a fantasy novel that everyone should read.","THEHOBBIT",7,16,3
"620","Name a fantasy novel that everyone should read.","HOBBIT",4,16,4
"621","Name a fantasy novel that everyone should read.","GAMEOFTHRONES",3,16,5
"622","Name a fantasy novel that everyone should read.","NAMEOFTHEWIND",3,16,6
"623","Name a fantasy novel that everyone should read.","ASONGOFICEANDFIRE",2,16,7
"624","Name a fantasy novel that everyone should read.","ENDERSGAME",2,16,8
"625","Name a fantasy novel that everyone should read.","SWORDOFTRUTH",2,16,9
"626","Name a fantasy novel that everyone should read.","THELIONTHEWITCHANDTHEWARDROBE",2,16,10
"627","Name a fantasy novel that everyone should read.","THELORDOFTHERINGS",2,16,11
"628","Name a fantasy novel that everyone should read.","THENAMEOFTHEWIND",2,16,12
"629","Name a fantasy novel that everyone should read.","1554",1,16,13
"630","Name a fantasy novel that everyone should read.","50SHADESOFGREY",1,16,14
"631","Name a fantasy novel that everyone should read.","ASPELLFORCHAMELEON",1,16,15
"632","Name a fantasy novel that everyone should read.","COLOUROFMAGIC",1,16,16
"633","Name a fantasy novel that everyone should read.","DRAGONFLIGHT",1,16,17
"634","Name a fantasy novel that everyone should read.","DRAGONSONG",1,16,18
"635","Name a fantasy novel that everyone should read.","ERAGON",1,16,19
"636","Name a fantasy novel that everyone should read.","HARRYPOTTERANDTHEPHILOSOPHERSSTONE",1,16,20
"637","Name a fantasy novel that everyone should read.","HARRYPOTTERANDTHESORCERERSSTONE",1,16,21
"638","Name a fantasy novel that everyone should read.","HEARTOFDARKNESS",1,16,22
"639","Name a fantasy novel that everyone should read.","KIK",1,16,23
"640","Name a fantasy novel that everyone should read.","LORDOFTHERINGSTRILOGY",1,16,24
"641","Name a fantasy novel that everyone should read.","MONSTERHUNTERINTERNATIONAL",1,16,25
"642","Name a fantasy novel that everyone should read.","ODDTHOMAS",1,16,26
"643","Name a fantasy novel that everyone should read.","ONCEANDFUTUREKING",1,16,27
"644","Name a fantasy novel that everyone should read.","SWORDOFTRUTHSERIES",1,16,28
"645","Name a fantasy novel that everyone should read.","THEBIBLE",1,16,29
"646","Name a fantasy novel that everyone should read.","THEBLACKCAULDRON",1,16,30
"647","Name a fantasy novel that everyone should read.","THECRYSTALCAVE",1,16,31
"648","Name a fantasy novel that everyone should read.","THEGAMEOFTHRONES",1,16,32
"649","Name a fantasy novel that everyone should read.","THENAMEOFTHEKING",1,16,33
"650","Name a fantasy novel that everyone should read.","THERANGERSAPPRENTICE",1,16,34
"651","Name a fantasy novel that everyone should read.","WATERSHIPDOWN",1,16,35
"652","Name a fantasy novel that everyone should read.","WHEELOFTIME",1,16,36
"653","Name a fantasy novel that everyone should read.","WIZARDSFIRSTRULE",1,16,37
"654","Name a famous cat from the internet.","GRUMPYCAT",35,13,1
"655","Name a famous cat from the internet.","NYANCAT",7,13,2
"656","Name a famous cat from the internet.","KEYBOARDCAT",6,13,3
"657","Name a famous cat from the internet.","GRUMPY",5,13,4
"658","Name a famous cat from the internet.","LONGCAT",3,13,5
"659","Name a famous cat from the internet.","COLONELMEOW",2,13,6
"660","Name a famous cat from the internet.","LILBUB",2,13,7
"661","Name a famous cat from the internet.","NYAN",2,13,8
"662","Name a famous cat from the internet.","SALEM",2,13,9
"663","Name a famous cat from the internet.","ANGRYCAT",1,13,10
"664","Name a famous cat from the internet.","BUSINESSCAT",1,13,11
"665","Name a famous cat from the internet.","DUBSTEPCAT",1,13,12
"666","Name a famous cat from the internet.","GARFIELD",1,13,13
"667","Name a famous cat from the internet.","HANGINTHERECAT",1,13,14
"668","Name a famous cat from the internet.","JOHN117",1,13,15
"669","Name a famous cat from the internet.","NINECAT",1,13,16
"670","Name a famous cat from the internet.","NINJACAT",1,13,17
"671","Name a famous cat from the internet.","PUSHEEN",1,13,18
"672","Name a famous cat from the internet.","SIMONSCAT",1,13,19
"673","Name a famous cat from the internet.","YASCAT",1,13,20
"674","Name a social network that is past its prime.","MYSPACE",48,14,1
"675","Name a social network that is past its prime.","FACEBOOK",8,14,2
"676","Name a social network that is past its prime.","FRIENDSTER",2,14,3
"677","Name a social network that is past its prime.","GAIAONLINE",2,14,4
"678","Name a social network that is past its prime.","ALLOFTHEM",1,14,5
"679","Name a social network that is past its prime.","AOLINSTANTMESSENGER",1,14,6
"680","Name a social network that is past its prime.","CHATROULETTE",1,14,7
"681","Name a social network that is past its prime.","INSTAGRAM",1,14,8
"682","Name a social network that is past its prime.","KIK",1,14,9
"683","Name a social network that is past its prime.","LIGHTSABER",1,14,10
"684","Name a social network that is past its prime.","LINKEDIN",1,14,11
"685","Name a social network that is past its prime.","NOTHING",1,14,12
"686","Name a social network that is past its prime.","SNAPCHAT",1,14,13
"687","Name a social network that is past its prime.","TUMBLR",1,14,14
"688","Name a social network that is past its prime.","TWITTER",1,14,15
"689","Name a social network that is past its prime.","XANGA",1,14,16
"690","Name a social network that is past its prime.","XBOXLIVE",1,14,17
"691","Name a social network that is past its prime.","YAHOO",1,14,18
"692","Name a social network that is past its prime.","YOUTUBE",1,14,19
"693","Name a classic video game that has aged well.","PACMAN",14,15,1
"694","Name a classic video game that has aged well.","LEGENDOFZELDA",6,15,2
"695","Name a classic video game that has aged well.","MARIO",5,15,3
"696","Name a classic video game that has aged well.","SUPERMARIOBROS",5,15,4
"697","Name a classic video game that has aged well.","DONKEYKONG",3,15,5
"698","Name a classic video game that has aged well.","MARIOKART",3,15,6
"699","Name a classic video game that has aged well.","TETRIS",3,15,7
"700","Name a classic video game that has aged well.","ZELDA",3,15,8
"701","Name a classic video game that has aged well.","MEGAMAN",2,15,9
"702","Name a classic video game that has aged well.","MORTALKOMBAT",2,15,10
"703","Name a classic video game that has aged well.","THELEGENDOFZELDA",2,15,11
"704","Name a classic video game that has aged well.","THELEGENDOFZELDAOCARINAOFTIME",2,15,12
"705","Name a classic video game that has aged well.","BATTLEYOADS",1,15,13
"706","Name a classic video game that has aged well.","FINALFANTASY",1,15,14
"707","Name a classic video game that has aged well.","FINALFANTASYIII",1,15,15
"708","Name a classic video game that has aged well.","GALAGA",1,15,16
"709","Name a classic video game that has aged well.","GTA3",1,15,17
"710","Name a classic video game that has aged well.","HALFLIFE",1,15,18
"711","Name a classic video game that has aged well.","JOUST",1,15,19
"712","Name a classic video game that has aged well.","KIK",1,15,20
"713","Name a classic video game that has aged well.","KITTENKABOODLE",1,15,21
"714","Name a classic video game that has aged well.","KNIGHTSOFTHEOLDREPUBLIC",1,15,22
"715","Name a classic video game that has aged well.","LEGENDSOFZELDA",1,15,23
"716","Name a classic video game that has aged well.","MARIOBROTHERS",1,15,24
"717","Name a classic video game that has aged well.","OCIRANAOFTIME",1,15,25
"718","Name a classic video game that has aged well.","OREGONTRAIL",1,15,26
"719","Name a classic video game that has aged well.","PACMAC",1,15,27
"720","Name a classic video game that has aged well.","PONG",1,15,28
"721","Name a classic video game that has aged well.","RESIDENTEVIL4",1,15,29
"722","Name a classic video game that has aged well.","SONIC",1,15,30
"723","Name a classic video game that has aged well.","SUPERMARIOBROTHERS",1,15,31
"724","Name a classic video game that has aged well.","THELEGENDOFZELDATHEOCEANAOFTIME",1,15,32
"725","Name a classic video game that has aged well.","TOMBRAIDER",1,15,33
"726","Name a classic video game that has aged well.","TONYHAWKSPROSKATER",1,15,34
"727","Name a classic video game that has aged well.","WOLFENSTEIN",1,15,35
"728","Name a classic video game that has aged well.","YOSHISISLAND",1,15,36
